{"stat.beaconInteraction":16,"stat.useItem.minecraft.bow":3314,"stat.useItem.minecraft.quartz_block":2,"stat.leaveGame":150,"stat.useItem.minecraft.glowstone":20,"stat.craftItem.minecraft.ender_eye":15,"stat.killEntity.PigZombie":20,"stat.mineBlock.minecraft.stained_glass":9,"stat.craftItem.minecraft.shield":3,"stat.mineBlock.minecraft.web":171,"stat.drop.minecraft.feather":1,"stat.drop.minecraft.iron_sword":1,"stat.pickup.minecraft.rotten_flesh":1619,"stat.mineBlock.minecraft.purpur_stairs":14,"stat.craftItem.minecraft.stone_axe":3,"stat.craftItem.minecraft.noteblock":1,"stat.pickup.minecraft.bucket":13,"stat.useItem.minecraft.rail":423,"stat.killEntity.Enderman":67,"stat.pickup.minecraft.leather_boots":9,"stat.craftItem.minecraft.iron_shovel":5,"stat.mineBlock.minecraft.emerald_block":1,"stat.pickup.minecraft.brown_mushroom":16,"stat.killEntity.Witch":31,"stat.mineBlock.minecraft.end_stone":787,"stat.useItem.minecraft.iron_pickaxe":9917,"stat.pickup.minecraft.stained_hardened_clay":28,"stat.craftItem.minecraft.wooden_pickaxe":3,"stat.craftItem.minecraft.iron_door":3,"stat.useItem.minecraft.iron_shovel":1445,"stat.pickup.minecraft.double_plant":7,"stat.craftItem.minecraft.bed":2,"stat.mineBlock.minecraft.hopper":3,"stat.furnaceInteraction":900,"stat.mineBlock.minecraft.rail":602,"stat.useItem.minecraft.pumpkin_seeds":5,"stat.killEntity.ZombieVillager":25,"stat.mineBlock.minecraft.chorus_plant":3,"stat.pickup.minecraft.nether_brick":39,"stat.noteblockPlayed":24,"stat.useItem.minecraft.end_stone":583,"stat.pickup.minecraft.beef":75,"stat.pickup.minecraft.leather_helmet":1,"stat.pickup.minecraft.cauldron":1,"stat.useItem.minecraft.trapdoor":59,"stat.mineBlock.minecraft.stained_hardened_clay":10,"stat.useItem.minecraft.fence":259,"stat.pickup.minecraft.potion":17,"stat.mineBlock.minecraft.fence":84,"stat.useItem.minecraft.flint_and_steel":2,"stat.useItem.minecraft.wheat_seeds":2317,"stat.drop.minecraft.cooked_fish":11,"stat.craftItem.minecraft.dropper":27,"stat.pickup.minecraft.emerald":42,"stat.useItem.minecraft.dye":64,"stat.pickup.minecraft.lever":4,"stat.deaths":55,"stat.pickup.minecraft.bowl":5,"stat.pickup.minecraft.egg":7477,"stat.craftItem.minecraft.iron_pickaxe":53,"stat.mineBlock.minecraft.tallgrass":419,"stat.craftItem.minecraft.cooked_mutton":94,"stat.fishCaught":1040,"stat.pickup.minecraft.cooked_mutton":89,"stat.chestOpened":4888,"stat.craftItem.minecraft.sign":11,"stat.useItem.minecraft.stone":324,"stat.pickup.minecraft.arrow":747,"stat.pickup.minecraft.iron_sword":33,"stat.pickup.minecraft.wooden_pressure_plate":2,"stat.killEntity.Ghast":1,"stat.useItem.minecraft.ender_chest":16,"stat.craftItem.minecraft.quartz_block":27,"stat.pickup.minecraft.gold_nugget":22,"stat.craftItem.minecraft.coal":51,"stat.drop.minecraft.iron_pickaxe":1,"stat.mineBlock.lucky.lucky_block":77,"stat.craftItem.minecraft.ender_chest":14,"stat.pickup.minecraft.carrot":165,"stat.drop.minecraft.stone_sword":1,"stat.crouchOneCm":211367,"stat.mineBlock.minecraft.chest":46,"stat.pickup.minecraft.rail":740,"stat.craftItem.minecraft.diamond":36,"stat.craftItem.minecraft.iron_ingot":1916,"stat.pickup.minecraft.ender_chest":40,"stat.craftItem.minecraft.hopper":2,"stat.craftingTableInteraction":615,"stat.mineBlock.minecraft.wooden_pressure_plate":2,"stat.pickup.minecraft.mushroom_stew":4,"stat.pickup.minecraft.wooden_pickaxe":1,"stat.useItem.minecraft.reeds":219,"stat.pickup.minecraft.dye":1513,"stat.pickup.minecraft.planks":710,"stat.pickup.minecraft.wheat_seeds":3961,"stat.mineBlock.minecraft.glass":12,"stat.mineBlock.minecraft.ender_chest":35,"stat.mineBlock.minecraft.dirt":1653,"stat.pickup.minecraft.poisonous_potato":3,"stat.useItem.minecraft.bread":17,"stat.pickup.minecraft.brewing_stand":1,"stat.entityKilledBy.Stray":4,"stat.useItem.minecraft.cobblestone":5788,"stat.pickup.minecraft.magma":350,"stat.useItem.minecraft.gravel":225,"stat.mineBlock.minecraft.double_plant":10,"stat.minecartOneCm":2236623,"stat.pickup.minecraft.iron_pickaxe":27,"stat.mineBlock.minecraft.end_rod":14,"stat.craftItem.minecraft.gold_ingot":472,"stat.drop.minecraft.sapling":20,"stat.pickup.minecraft.hopper":5,"stat.pickup.minecraft.chicken":262,"stat.pickup.minecraft.tipped_arrow":130,"stat.drop.minecraft.gold_nugget":1,"stat.pickup.minecraft.apple":88,"stat.pickup.minecraft.end_stone":1117,"stat.pickup.minecraft.coal_block":10,"stat.drop.minecraft.fish":1,"stat.craftItem.minecraft.bucket":7,"stat.craftItem.minecraft.planks":3110,"stat.useItem.minecraft.iron_sword":2412,"stat.itemEnchanted":106,"stat.pickup.minecraft.stone_sword":7,"stat.craftItem.minecraft.fishing_rod":2,"stat.pickup.minecraft.book":747,"stat.mineBlock.minecraft.log":612,"stat.useItem.minecraft.wooden_door":1,"stat.pickup.minecraft.iron_door":30,"stat.craftItem.minecraft.paper":966,"stat.pickup.minecraft.red_flower":12,"stat.pickup.minecraft.wool":202,"stat.useItem.minecraft.chorus_fruit":4,"stat.pickup.minecraft.cooked_fish":306,"stat.useItem.minecraft.wooden_axe":176,"stat.cakeSlicesEaten":7,"stat.pickup.minecraft.tripwire_hook":9,"stat.craftItem.minecraft.cooked_rabbit":5,"stat.craftItem.minecraft.diamond_leggings":2,"stat.useItem.minecraft.iron_axe":1492,"stat.mineBlock.minecraft.cobblestone":1230,"stat.mineBlock.minecraft.pumpkin":28,"stat.pickup.minecraft.stone_pickaxe":10,"stat.pickup.minecraft.flint":91,"stat.mineBlock.minecraft.yellow_flower":3,"stat.craftItem.minecraft.quartz_stairs":16,"stat.entityKilledBy.Witch":1,"stat.pickup.minecraft.leather_chestplate":2,"stat.craftItem.minecraft.wool":27,"stat.pickup.minecraft.flower_pot":1,"stat.pickup.minecraft.enchanted_book":55,"stat.drop.minecraft.cobblestone":1,"stat.pickup.minecraft.cooked_porkchop":60,"stat.pickup.minecraft.writable_book":2,"stat.craftItem.minecraft.arrow":52,"stat.mineBlock.minecraft.dropper":1,"stat.useItem.minecraft.obsidian":483,"stat.useItem.minecraft.stone_slab2":981,"stat.pickup.minecraft.bow":80,"stat.pickup.minecraft.iron_boots":23,"stat.pickup.minecraft.stone_hoe":4,"stat.craftItem.minecraft.furnace":34,"stat.craftItem.minecraft.lapis_block":54,"stat.pickup.minecraft.map":1,"stat.useItem.minecraft.egg":1616,"stat.craftItem.minecraft.iron_boots":8,"stat.pickup.minecraft.pumpkin_pie":1,"stat.pickup.minecraft.coal_ore":33,"stat.craftItem.minecraft.cooked_beef":71,"stat.mineBlock.minecraft.obsidian":1181,"stat.craftItem.minecraft.bow":8,"stat.mineBlock.minecraft.clay":18,"stat.mineBlock.minecraft.noteblock":2,"stat.pickup.minecraft.diamond_leggings":5,"stat.flyOneCm":7392255,"stat.pickup.minecraft.fish":1078,"stat.timeSinceDeath":59945,"stat.useItem.minecraft.iron_door":2,"stat.craftItem.minecraft.iron_block":30,"stat.killEntity.Bat":2,"stat.useItem.minecraft.potato":14,"stat.pickup.minecraft.chainmail_helmet":5,"stat.pickup.minecraft.nether_wart":21,"stat.mineBlock.minecraft.coal_ore":5071,"stat.killEntity.Creeper":318,"stat.pickup.minecraft.shield":19,"stat.talkedToVillager":166,"stat.pickup.minecraft.wooden_sword":1,"stat.pickup.minecraft.string":685,"stat.entityKilledBy.Skeleton":1,"stat.drop.minecraft.birch_fence":1,"stat.killEntity.Squid":14,"stat.useItem.minecraft.dropper":1,"stat.sprintOneCm":12066570,"stat.mineBlock.minecraft.stone_slab":36,"stat.craftItem.minecraft.wooden_axe":7,"stat.mineBlock.minecraft.diamond_ore":156,"stat.useItem.minecraft.snowball":127,"stat.pickup.minecraft.leather_leggings":1,"stat.craftItem.minecraft.wooden_pressure_plate":4,"stat.pickup.minecraft.sugar":24,"stat.drop.minecraft.golden_rail":1,"stat.useItem.minecraft.ladder":32,"stat.useItem.minecraft.diamond_ore":1,"stat.craftItem.minecraft.emerald":24,"stat.pickup.minecraft.iron_block":14,"stat.killEntity.Zombie":825,"stat.pickup.minecraft.snowball":1040,"stat.craftItem.minecraft.dye":81,"stat.mineBlock.minecraft.gold_ore":416,"stat.diveOneCm":412863,"stat.drop.minecraft.diamond_pickaxe":3,"stat.pickup.minecraft.wheat":2068,"stat.mineBlock.minecraft.mossy_cobblestone":1,"stat.craftItem.minecraft.ladder":36,"stat.pickup.minecraft.sign":1,"stat.craftItem.minecraft.cooked_porkchop":68,"stat.useItem.minecraft.chicken":5,"stat.pickup.minecraft.stone_axe":3,"stat.pickup.minecraft.obsidian":1609,"stat.useItem.minecraft.rotten_flesh":58,"stat.craftItem.minecraft.diamond_sword":2,"stat.jump":50301,"stat.useItem.minecraft.sand":89,"stat.pickup.minecraft.coal":6699,"stat.pickup.minecraft.iron_ingot":93,"stat.craftItem.minecraft.lever":27,"stat.drop.minecraft.diamond_sword":2,"stat.pickup.minecraft.gunpowder":472,"stat.craftItem.minecraft.torch":2156,"stat.pickup.minecraft.dirt":3678,"stat.mineBlock.minecraft.purpur_block":23,"stat.useItem.minecraft.glass":107,"stat.pickup.minecraft.stone_shovel":1,"stat.pickup.minecraft.gold_ore":442,"stat.useItem.minecraft.sapling":6,"stat.mineBlock.minecraft.lapis_ore":143,"stat.pickup.minecraft.iron_axe":6,"stat.pickup.minecraft.cookie":17,"stat.mineBlock.minecraft.glass_pane":3,"stat.brewingstandInteraction":6,"stat.damageTaken":69671,"stat.mineBlock.minecraft.torch":463,"stat.mineBlock.minecraft.red_flower":7,"stat.mineBlock.minecraft.melon_block":53,"stat.tradedWithVillager":18,"stat.mineBlock.minecraft.sapling":5,"stat.pickup.minecraft.magma_cream":8,"stat.pickup.minecraft.ender_eye":13,"stat.noteblockTuned":31,"stat.craftItem.minecraft.comparator":1,"stat.craftItem.minecraft.glowstone":26,"stat.pickup.minecraft.bed":10,"stat.useItem.minecraft.birch_fence":175,"stat.pickup.minecraft.potato":46,"stat.mineBlock.minecraft.fence_gate":3,"stat.killEntity.Shulker":8,"stat.entityKilledBy.Zombie":9,"stat.pickup.minecraft.rabbit_hide":14,"stat.pickup.minecraft.shulker_shell":5,"stat.craftItem.minecraft.stone_slab":366,"stat.animalsBred":699,"stat.mineBlock.minecraft.birch_fence":61,"stat.useItem.minecraft.chest":45,"stat.drop.minecraft.wheat":1,"stat.pickup.minecraft.diamond_pickaxe":30,"stat.pickup.minecraft.noteblock":2,"stat.useItem.minecraft.tnt":26,"stat.useItem.minecraft.lava_bucket":51,"stat.useItem.minecraft.gold_ore":1,"stat.pickup.minecraft.rabbit_foot":7,"stat.useItem.minecraft.melon":27,"stat.useItem.lucky.lucky_block":23,"stat.craftItem.minecraft.iron_chestplate":6,"stat.pickup.minecraft.baked_potato":2,"stat.pickup.minecraft.ender_pearl":209,"stat.drop.minecraft.egg":1,"stat.useItem.minecraft.redstone_ore":23,"stat.pickup.minecraft.cooked_beef":11,"stat.killEntity.Stray":176,"stat.useItem.minecraft.netherrack":739,"stat.mineBlock.minecraft.tnt":7,"stat.craftItem.minecraft.bookshelf":33,"stat.mineBlock.minecraft.stonebrick":20,"stat.mineBlock.minecraft.purpur_slab":6,"stat.mineBlock.minecraft.glowstone":82,"stat.mobKills":3520,"stat.pickup.minecraft.diamond_boots":4,"stat.mineBlock.minecraft.bookshelf":163,"stat.pickup.minecraft.diamond":302,"stat.pickup.minecraft.beetroot_seeds":256,"stat.useItem.minecraft.writable_book":38,"stat.pickup.minecraft.torch":1171,"stat.useItem.minecraft.string":1,"stat.useItem.lucky.lucky_potion":25,"stat.useItem.minecraft.bookshelf":25,"stat.craftItem.minecraft.iron_axe":13,"stat.killEntity.Blaze":66,"stat.pickup.minecraft.lapis_block":1,"stat.drop.minecraft.shield":1,"stat.useItem.minecraft.poisonous_potato":1,"stat.useItem.minecraft.mutton":4,"stat.pickup.minecraft.fishing_rod":26,"stat.useItem.minecraft.planks":805,"stat.pickup.minecraft.golden_boots":8,"stat.pickup.minecraft.glowstone_dust":256,"stat.pickup.minecraft.porkchop":88,"stat.pickup.minecraft.glass":76,"stat.pickup.minecraft.blaze_powder":28,"stat.craftItem.lucky.lucky_block":26,"stat.useItem.minecraft.water_bucket":281,"stat.pickup.minecraft.sand":383,"stat.craftItem.minecraft.golden_apple":11,"stat.entityKilledBy.Spider":1,"stat.pickup.minecraft.splash_potion":1,"stat.pickup.minecraft.name_tag":17,"stat.craftItem.minecraft.stone_sword":2,"stat.useItem.minecraft.ender_pearl":24,"stat.pickup.minecraft.chainmail_chestplate":3,"stat.mineBlock.minecraft.sand":354,"stat.craftItem.minecraft.cooked_fish":892,"stat.craftItem.minecraft.blaze_powder":64,"stat.useItem.minecraft.fence_gate":1,"stat.hopperInspected":8,"stat.pickup.minecraft.ghast_tear":7,"stat.useItem.minecraft.oak_stairs":34,"stat.mineBlock.minecraft.lapis_block":1,"stat.pickup.minecraft.fence_gate":3,"stat.useItem.minecraft.cooked_mutton":6,"stat.pickup.minecraft.furnace":10,"stat.useItem.minecraft.redstone":20,"stat.drop.minecraft.stained_hardened_clay":1,"stat.mineBlock.minecraft.end_bricks":81,"stat.drop.minecraft.fishing_rod":2,"stat.pickup.minecraft.iron_chestplate":32,"stat.pickup.minecraft.end_rod":14,"stat.pickup.minecraft.skull":63,"stat.killEntity.Horse":2,"stat.craftItem.minecraft.fence_gate":2,"stat.pickup.minecraft.pumpkin_seeds":9,"stat.pickup.minecraft.golden_carrot":3,"stat.drop.minecraft.snowball":2,"stat.pickup.minecraft.saddle":29,"stat.pickup.minecraft.fermented_spider_eye":43,"stat.mineBlock.minecraft.soul_sand":18,"stat.mineBlock.minecraft.oak_stairs":21,"stat.playOneMinute":5210685,"stat.pickup.minecraft.blaze_rod":44,"stat.pickup.minecraft.diamond_block":3,"stat.craftItem.minecraft.diamond_block":1,"stat.pickup.minecraft.beacon":2,"stat.pickup.minecraft.iron_bars":30,"stat.pickup.minecraft.dispenser":2,"stat.pickup.minecraft.netherrack":1584,"stat.pickup.minecraft.pumpkin":28,"stat.useItem.minecraft.fish":6,"stat.craftItem.minecraft.carpet":12,"stat.mineBlock.minecraft.netherrack":1147,"stat.mineBlock.minecraft.dispenser":2,"stat.pickup.minecraft.waterlily":24,"stat.mineBlock.minecraft.ice":4,"stat.craftItem.minecraft.golden_rail":42,"stat.craftItem.minecraft.iron_hoe":3,"stat.pickup.minecraft.cooked_chicken":991,"stat.fallOneCm":887641,"stat.drop.minecraft.stone":18,"stat.drop.minecraft.dye":2,"stat.pickup.minecraft.melon_seeds":73,"stat.pickup.minecraft.dropper":18,"stat.craftItem.minecraft.chest":50,"stat.mineBlock.minecraft.lever":1,"stat.pickup.minecraft.red_mushroom":3,"stat.pickup.minecraft.golden_leggings":6,"stat.pickup.minecraft.melon":311,"stat.useItem.minecraft.iron_hoe":195,"stat.dropperInspected":4,"stat.pickup.minecraft.milk_bucket":1,"stat.pickup.minecraft.comparator":1,"stat.useItem.minecraft.golden_rail":43,"stat.pickup.minecraft.feather":1064,"stat.useItem.minecraft.furnace":1,"stat.pickup.minecraft.iron_leggings":31,"stat.mineBlock.minecraft.gravel":434,"stat.useItem.minecraft.stone_pickaxe":2394,"stat.craftItem.minecraft.iron_leggings":7,"stat.useItem.minecraft.stone_sword":217,"stat.mineBlock.minecraft.beacon":1,"stat.killEntity.Rabbit":22,"stat.craftItem.minecraft.oak_stairs":14,"stat.pickup.minecraft.redstone_ore":3,"stat.pickup.minecraft.chainmail_boots":3,"stat.craftItem.minecraft.golden_pickaxe":2,"stat.mineBlock.minecraft.monster_egg":1,"stat.useItem.minecraft.torch":2562,"stat.pickup.minecraft.golden_apple":17,"stat.craftItem.minecraft.redstone_block":460,"stat.pickup.minecraft.crafting_table":50,"stat.useItem.minecraft.log":1,"stat.craftItem.minecraft.crafting_table":13,"stat.pickup.minecraft.iron_hoe":10,"stat.killEntity.LavaSlime":40,"stat.mineBlock.minecraft.emerald_ore":1,"stat.pickup.minecraft.redstone_block":58,"stat.pickup.minecraft.log":1720,"stat.useItem.minecraft.cooked_fish":283,"stat.pickup.minecraft.compass":1,"stat.mineBlock.minecraft.golden_rail":7,"stat.pickup.minecraft.chainmail_leggings":2,"stat.pickup.minecraft.sapling":567,"stat.pickup.minecraft.wooden_door":6,"stat.entityKilledBy.Enderman":8,"stat.mineBlock.minecraft.iron_block":11,"stat.drop.minecraft.bow":1,"stat.pickup.minecraft.beetroot":74,"stat.pickup.lucky.lucky_potion":25,"stat.pickup.minecraft.diamond_helmet":7,"stat.killEntity.WitherSkeleton":4,"stat.useItem.minecraft.wooden_pressure_plate":4,"stat.craftItem.minecraft.cooked_chicken":250,"stat.useItem.minecraft.stone_hoe":85,"stat.useItem.minecraft.beetroot_seeds":75,"stat.sneakTime":77589,"stat.pickup.minecraft.rabbit":5,"stat.drop.minecraft.bucket":1,"stat.pickup.minecraft.rabbit_stew":1,"stat.pickup.minecraft.stone_slab":59,"stat.pickup.minecraft.yellow_flower":8,"stat.pickup.minecraft.golden_rail":9,"stat.useItem.minecraft.fishing_rod":1417,"stat.pickup.minecraft.chest":59,"stat.craftItem.minecraft.enchanting_table":1,"stat.drop.minecraft.stone_pickaxe":1,"stat.craftItem.minecraft.diamond_chestplate":3,"stat.pickup.minecraft.bone":760,"stat.useItem.minecraft.mushroom_stew":1,"stat.pickup.minecraft.redstone_torch":12,"stat.horseOneCm":5386607,"stat.pickup.lucky.lucky_block":29,"stat.mineBlock.minecraft.brown_mushroom":11,"stat.useItem.minecraft.diamond_sword":3512,"stat.craftItem.minecraft.diamond_helmet":2,"stat.swimOneCm":673064,"stat.mineBlock.minecraft.diamond_block":3,"stat.climbOneCm":113657,"stat.craftItem.minecraft.gold_block":8,"stat.enderchestOpened":220,"stat.useItem.minecraft.dirt":1750,"stat.pickup.minecraft.golden_helmet":12,"stat.craftItem.minecraft.purple_shulker_box":2,"stat.pickup.minecraft.purpur_block":22,"stat.pickup.minecraft.cooked_rabbit":9,"stat.pickup.minecraft.anvil":4,"stat.useItem.minecraft.iron_ore":9,"stat.craftItem.minecraft.trapdoor":56,"stat.useItem.minecraft.golden_pickaxe":63,"stat.craftItem.minecraft.stone_pickaxe":20,"stat.mineBlock.minecraft.magma":357,"stat.pickup.minecraft.cobblestone":12536,"stat.mineBlock.minecraft.carpet":12,"stat.mineBlock.minecraft.redstone_block":58,"stat.useItem.minecraft.stone_shovel":131,"stat.pickup.minecraft.glass_bottle":6,"stat.pickup.minecraft.soul_sand":18,"stat.drop.minecraft.wheat_seeds":1,"stat.pickup.minecraft.cactus":1,"stat.pickup.minecraft.dragon_egg":2,"stat.pickup.minecraft.redstone":4998,"stat.craftItem.minecraft.dispenser":2,"stat.mineBlock.minecraft.iron_ore":2055,"stat.craftItem.minecraft.book":33,"stat.useItem.minecraft.sign":9,"stat.pickup.minecraft.mutton":112,"stat.useItem.minecraft.lever":25,"stat.pickup.minecraft.wooden_axe":3,"stat.pickup.minecraft.stonebrick":19,"stat.useItem.minecraft.cooked_porkchop":11,"stat.pickup.minecraft.iron_shovel":7,"stat.pickup.minecraft.carpet":28,"stat.pickup.minecraft.trapdoor":34,"stat.mineBlock.minecraft.nether_brick":14,"stat.useItem.minecraft.purpur_pillar":15,"stat.pickup.minecraft.nether_star":1,"stat.craftItem.minecraft.chest_minecart":1,"stat.pickup.minecraft.paper":209,"stat.craftItem.minecraft.stick":1446,"stat.useItem.minecraft.stone_slab":410,"stat.pickup.minecraft.speckled_melon":7,"stat.craftItem.minecraft.stone":10,"stat.pickup.minecraft.grass":7,"stat.mineBlock.minecraft.crafting_table":50,"stat.useItem.minecraft.diamond_pickaxe":14644,"stat.useItem.minecraft.carrot":96,"stat.useItem.minecraft.ender_eye":10,"stat.pickup.minecraft.golden_horse_armor":3,"stat.pickup.minecraft.diamond_chestplate":4,"stat.useItem.minecraft.bucket":342,"stat.entityKilledBy.Creeper":6,"stat.mineBlock.minecraft.planks":255,"stat.drop":78,"stat.killEntity.Sheep":102,"stat.craftItem.minecraft.diamond_pickaxe":12,"stat.pickup.minecraft.golden_chestplate":11,"stat.useItem.minecraft.melon_seeds":41,"stat.drop.minecraft.bread":1,"stat.pickup.minecraft.purpur_pillar":74,"stat.useItem.minecraft.quartz_stairs":11,"stat.pickup.minecraft.gravel":446,"stat.pickup.minecraft.purpur_stairs":13,"stat.useItem.minecraft.apple":1,"stat.useItem.minecraft.carpet":18,"stat.useItem.minecraft.potion":5,"stat.pickup.minecraft.diamond_sword":21,"stat.mineBlock.minecraft.purpur_pillar":75,"stat.pickup.minecraft.fence":97,"stat.pickup.minecraft.iron_helmet":27,"stat.useItem.minecraft.stone_axe":440,"stat.craftItem.minecraft.bread":90,"stat.pickup.minecraft.spider_eye":202,"stat.craftItem.minecraft.iron_helmet":6,"stat.pickup.minecraft.diamond_ore":2,"stat.craftItem.minecraft.rail":144,"stat.useItem.minecraft.cooked_chicken":254,"stat.pickup.minecraft.iron_ore":2326,"stat.mineBlock.minecraft.iron_bars":4,"stat.craftItem.minecraft.flint_and_steel":2,"stat.pickup.minecraft.leather":65,"stat.mineBlock.minecraft.furnace":10,"stat.useItem.minecraft.wooden_pickaxe":127,"stat.dispenserInspected":35,"stat.pickup.minecraft.reeds":2785,"stat.craftItem.minecraft.birch_fence":142,"stat.useItem.minecraft.magma":213,"stat.pickup.minecraft.oak_stairs":21,"stat.pickup.minecraft.emerald_block":1,"stat.damageDealt":199964,"stat.craftItem.minecraft.glass":143,"stat.sleepInBed":65,"stat.craftItem.minecraft.anvil":2,"stat.craftItem.minecraft.baked_potato":25,"stat.pickup.minecraft.end_bricks":75,"stat.killEntity.Cow":41,"stat.pickup.minecraft.minecart":37,"stat.killEntity.Pig":35,"stat.craftItem.minecraft.iron_sword":6,"stat.walkOneCm":14784654,"stat.playerKills":2,"stat.pickup.minecraft.stick":187,"stat.pickup.minecraft.clay_ball":72,"stat.pickup.minecraft.purpur_slab":6,"stat.craftItem.minecraft.birch_fence_gate":1,"stat.craftItem.minecraft.writable_book":2,"stat.craftItem.minecraft.diamond_boots":2,"stat.useItem.minecraft.redstone_block":190,"stat.pickup.minecraft.tnt":15,"stat.pickup.minecraft.stone":1742,"stat.craftItem.minecraft.redstone":12,"stat.pickup.minecraft.chorus_fruit":74,"stat.pickup.minecraft.gold_ingot":60,"stat.killEntity.Skeleton":209,"stat.pickup.minecraft.record_mall":1,"stat.killEntity.Chicken":728,"stat.mineBlock.minecraft.redstone_torch":9,"stat.useItem.minecraft.iron_block":29,"stat.killEntity.Spider":261,"stat.pickup.minecraft.bread":42,"stat.mineBlock.minecraft.quartz_ore":556,"stat.craftItem.minecraft.tnt":21,"stat.pickup.minecraft.quartz":681,"stat.craftItem.minecraft.fence":206,"stat.pickup.minecraft.birch_fence":87,"stat.useItem.minecraft.golden_apple":3,"stat.pickup.minecraft.water_bucket":22,"stat.mineBlock.minecraft.leaves":217,"stat.mineBlock.minecraft.redstone_ore":972,"stat.pickup.minecraft.lava_bucket":2,"stat.craftItem.minecraft.coal_block":310,"stat.mineBlock.minecraft.stone":11265}