{"stat.pickup.minecraft.bone":2,"stat.craftItem.minecraft.cooked_rabbit":1,"stat.leaveGame":15,"stat.pickup.minecraft.stone_pickaxe":5,"stat.mineBlock.minecraft.brown_mushroom":2,"stat.pickup.minecraft.fishing_rod":3,"stat.swimOneCm":36934,"stat.drop.minecraft.saddle":1,"stat.useItem.minecraft.planks":18,"stat.craftItem.minecraft.shield":1,"stat.useItem.minecraft.dirt":233,"stat.useItem.minecraft.stone_slab2":33,"stat.pickup.minecraft.iron_boots":1,"stat.useItem.minecraft.water_bucket":14,"stat.mineBlock.minecraft.red_mushroom":6,"stat.pickup.minecraft.rotten_flesh":12,"stat.craftItem.minecraft.furnace":1,"stat.useItem.minecraft.egg":6,"stat.craftItem.minecraft.stone_axe":3,"stat.craftItem.minecraft.iron_boots":1,"stat.craftItem.minecraft.stone_pickaxe":9,"stat.craftItem.minecraft.cooked_beef":7,"stat.pickup.minecraft.cobblestone":227,"stat.craftItem.minecraft.stone_sword":4,"stat.flyOneCm":87690,"stat.craftItem.minecraft.iron_shovel":1,"stat.mineBlock.minecraft.snow_layer":2,"stat.pickup.minecraft.brown_mushroom":2,"stat.pickup.minecraft.fish":34,"stat.mineBlock.minecraft.iron_ore":176,"stat.timeSinceDeath":33444,"stat.useItem.minecraft.iron_pickaxe":223,"stat.pickup.minecraft.mutton":27,"stat.useItem.minecraft.iron_shovel":241,"stat.drop.minecraft.cooked_mutton":2,"stat.craftItem.minecraft.iron_block":3,"stat.furnaceInteraction":88,"stat.killEntity.ZombieVillager":1,"stat.mineBlock.minecraft.coal_ore":470,"stat.pickup.minecraft.shield":1,"stat.craftItem.minecraft.stone_hoe":2,"stat.pickup.minecraft.string":6,"stat.pickup.minecraft.beef":7,"stat.useItem.minecraft.cooked_mutton":21,"stat.pickup.minecraft.furnace":1,"stat.killEntity.Squid":5,"stat.sprintOneCm":321312,"stat.pickup.minecraft.iron_chestplate":1,"stat.craftItem.minecraft.stick":92,"stat.useItem.minecraft.wheat_seeds":7,"stat.mineBlock.minecraft.crafting_table":2,"stat.pickup.minecraft.saddle":1,"stat.useItem.minecraft.dye":5,"stat.useItem.minecraft.bucket":16,"stat.mineBlock.minecraft.planks":12,"stat.deaths":4,"stat.drop":29,"stat.pickup.minecraft.egg":6,"stat.playOneMinute":259188,"stat.killEntity.Sheep":16,"stat.craftItem.minecraft.iron_pickaxe":2,"stat.killEntity.Zombie":6,"stat.pickup.minecraft.snowball":5,"stat.craftItem.minecraft.dye":6,"stat.mineBlock.minecraft.gold_ore":1,"stat.mineBlock.minecraft.tallgrass":35,"stat.craftItem.minecraft.cooked_mutton":27,"stat.fishCaught":40,"stat.diveOneCm":7868,"stat.pickup.minecraft.cooked_mutton":8,"stat.pickup.minecraft.wheat":4,"stat.chestOpened":220,"stat.useItem.minecraft.fish":2,"stat.useItem.minecraft.stone":2,"stat.pickup.minecraft.gravel":3,"stat.pickup.minecraft.iron_sword":1,"stat.pickup.minecraft.stone_axe":1,"stat.useItem.minecraft.apple":1,"stat.pickup.minecraft.diamond_sword":1,"stat.jump":2300,"stat.pickup.minecraft.coal":491,"stat.pickup.minecraft.iron_helmet":1,"stat.fallOneCm":40245,"stat.pickup.minecraft.iron_ingot":6,"stat.useItem.minecraft.stone_axe":119,"stat.crouchOneCm":476,"stat.pickup.minecraft.spider_eye":2,"stat.craftItem.minecraft.chest":4,"stat.craftItem.minecraft.iron_ingot":201,"stat.craftItem.minecraft.torch":100,"stat.pickup.minecraft.dirt":510,"stat.craftItem.minecraft.iron_helmet":1,"stat.pickup.minecraft.red_mushroom":6,"stat.craftingTableInteraction":71,"stat.pickup.minecraft.iron_ore":174,"stat.useItem.minecraft.sapling":8,"stat.pickup.minecraft.gold_ore":1,"stat.pickup.minecraft.feather":2,"stat.damageTaken":2663,"stat.pickup.minecraft.leather":4,"stat.mineBlock.minecraft.torch":22,"stat.mineBlock.minecraft.furnace":1,"stat.pickup.minecraft.dye":9,"stat.pickup.minecraft.planks":20,"stat.pickup.minecraft.iron_leggings":1,"stat.pickup.minecraft.wheat_seeds":14,"stat.pickup.minecraft.rabbit_hide":2,"stat.mineBlock.minecraft.gravel":3,"stat.useItem.minecraft.stone_pickaxe":721,"stat.useItem.minecraft.stone_sword":158,"stat.craftItem.minecraft.iron_leggings":1,"stat.damageDealt":5285,"stat.killEntity.Rabbit":2,"stat.sleepInBed":13,"stat.killEntity.Cow":4,"stat.mineBlock.minecraft.dirt":337,"stat.craftItem.minecraft.iron_sword":1,"stat.craftItem.minecraft.stone_shovel":1,"stat.walkOneCm":563886,"stat.useItem.minecraft.torch":151,"stat.useItem.minecraft.chest":1,"stat.entityKilledBy.Stray":1,"stat.pickup.minecraft.crafting_table":2,"stat.craftItem.minecraft.crafting_table":1,"stat.mineBlock.minecraft.double_plant":1,"stat.pickup.minecraft.log":80,"stat.useItem.minecraft.cooked_fish":1,"stat.pickup.minecraft.iron_pickaxe":1,"stat.craftItem.minecraft.gold_ingot":1,"stat.pickup.minecraft.stone":44,"stat.craftItem.minecraft.iron_chestplate":1,"stat.pickup.minecraft.chicken":4,"stat.pickup.minecraft.sapling":17,"stat.pickup.minecraft.apple":1,"stat.killEntity.Skeleton":1,"stat.drop.minecraft.fish":26,"stat.craftItem.minecraft.bucket":2,"stat.craftItem.minecraft.planks":320,"stat.useItem.minecraft.iron_sword":169,"stat.killEntity.Chicken":4,"stat.killEntity.Spider":6,"stat.pickup.minecraft.stone_sword":2,"stat.mobKills":46,"stat.mineBlock.minecraft.log":80,"stat.craftItem.minecraft.cooked_chicken":4,"stat.useItem.minecraft.stone_hoe":46,"stat.mineBlock.minecraft.leaves":125,"stat.pickup.minecraft.torch":49,"stat.sneakTime":356,"stat.pickup.minecraft.wool":16,"stat.pickup.minecraft.rabbit":1,"stat.pickup.minecraft.lava_bucket":1,"stat.pickup.minecraft.cooked_fish":10,"stat.mineBlock.minecraft.stone":264,"stat.useItem.minecraft.fishing_rod":171}